{"eval_loss": 1.247840404510498, "eval_accuracy": 0.4626092314720154, "eval_runtime": 141.7871, "eval_samples_per_second": 69.414, "eval_steps_per_second": 8.682}