{"eval_loss": 0.42253032326698303, "eval_accuracy": 0.8735013008117676, "eval_runtime": 118.3628, "eval_samples_per_second": 83.151, "eval_steps_per_second": 10.4}