{"eval_loss": 0.7807294726371765, "eval_accuracy": 0.6624670028686523, "eval_runtime": 114.243, "eval_samples_per_second": 86.15, "eval_steps_per_second": 10.775}