{"eval_loss": 0.7623761296272278, "eval_accuracy": 0.6823816299438477, "eval_runtime": 108.1519, "eval_samples_per_second": 91.002, "eval_steps_per_second": 11.382}