{"eval_loss": 0.860948383808136, "eval_accuracy": 0.6794625520706177, "eval_runtime": 35.563, "eval_samples_per_second": 87.9, "eval_steps_per_second": 10.995}