{"sane": true, "normalizes": true, "range": true, "log_prob": -965.8454042822123, "avg_log_prob": -1.9316908085644244, "perplexity": 6.901168938036834}