{"eval_loss": 0.7807294726371765, "eval_accuracy": 0.6624670028686523, "eval_runtime": 113.1857, "eval_samples_per_second": 86.954, "eval_steps_per_second": 10.876}