{"eval_loss": 0.44222474098205566, "eval_accuracy": 0.8389555215835571, "eval_runtime": 134.2339, "eval_samples_per_second": 73.32, "eval_steps_per_second": 9.171}