{"eval_loss": 0.44222474098205566, "eval_accuracy": 0.8389555215835571, "eval_runtime": 110.6855, "eval_samples_per_second": 88.919, "eval_steps_per_second": 11.122}