{"eval_loss": 0.24732746183872223, "eval_accuracy": 0.9131923913955688, "eval_runtime": 76.5447, "eval_samples_per_second": 87.74, "eval_steps_per_second": 10.974}